mes_pagamento;municipio;valor_pago;tipo_auxilio;quantidade_def
2025-02-25;ÁGUAS FORMOSAS;2488,15;FUNERAL ;1
2025-02-25;ALMENARA ;1976,8;FUNERAL ;1
2025-02-25;ALVINÓPOLIS;2513,08;FUNERAL ;1
2025-02-25;ASTOLFO DUTRA ;500,0;FUNERAL ;1
2025-02-25;BELA VISTA DE MINAS;1924,29;FUNERAL ;1
2025-02-25;BELO HORIZONTE;1412,0;FUNERAL ;1
2025-02-25;BELO HORIZONTE;2131,34;FUNERAL ;1
2025-02-25;BELO HORIZONTE;2048,26;FUNERAL ;1
2025-02-25;BELO HORIZONTE;1466,58;FUNERAL ;1
2025-02-25;BELO HORIZONTE;750,0;FUNERAL ;1
2025-02-25;BELO HORIZONTE;1412,0;FUNERAL ;1
2025-02-25;BELO HORIZONTE;2598,38;FUNERAL ;1
2025-02-25;BERTÓPOLIS;1868,68;FUNERAL ;1
2025-02-25;BOM DESPACHO;1412,0;FUNERAL ;1
2025-02-25;CONSELHEIRO LAFAIETE ;1412,0;FUNERAL ;1
2025-02-25;CORINTO;300,0;FUNERAL ;1
2025-02-25;DESTERRO DE ENTRE RIOS;1412,0;FUNERAL ;1
2025-02-25;DIAMANTINA ;1412,0;FUNERAL ;1
2025-02-25;DIVERSOS MUNICÍPIOS;1059,0;NATALIDADE;1
2025-02-25;DIVERSOS MUNICÍPIOS;1059,0;NATALIDADE;1
2025-02-25;DIVERSOS MUNICÍPIOS;990,0;NATALIDADE;1
2025-02-25;DIVERSOS MUNICÍPIOS;1138,5;NATALIDADE;1
2025-02-25;DIVERSOS MUNICÍPIOS;1059,0;NATALIDADE;1
2025-02-25;DIVINÓPOLIS ;1579,35;FUNERAL ;1
2025-02-25;DIVINÓPOLIS ;1743,31;FUNERAL ;1
2025-02-25;DIVINÓPOLIS ;1412,0;FUNERAL ;1
2025-02-25;DIVINÓPOLIS ;1412,0;FUNERAL ;1
2025-02-25;FORMIGA ;1625,7;FUNERAL ;1
2025-02-25;IBIRITÉ;1466,58;FUNERAL ;1
2025-02-25;IPATINGA ;1059,0;NATALIDADE;1
2025-02-25;ITAJUBA;1486,82;FUNERAL ;1
2025-02-25;ITAPECERICA;1412,0;FUNERAL ;1
2025-02-25;ITAÚNA ;505,0;FUNERAL ;1
2025-02-25;JEQUITINHONHA;2400,0;FUNERAL ;1
2025-02-25;JUIZ DE FORA ;1620,0;FUNERAL ;1
2025-02-25;JUIZ DE FORA ;1694,4;FUNERAL ;1
2025-02-25;JUIZ DE FORA ;1000,0;FUNERAL ;1
2025-02-25;MALACACHETA;1924,29;FUNERAL ;1
2025-02-25;MONTE CARMELO ;2485,12;FUNERAL ;1
2025-02-25;MONTE SANTO DE MINAS ;1934,47;FUNERAL ;1
2025-02-25;MURIAÉ;1412,0;FUNERAL ;1
2025-02-25;MURIAÉ;2273,5;FUNERAL ;1
2025-02-25;NOVA SERRANA;1547,35;FUNERAL ;1
2025-02-25;OLIVEIRA;2130,1;FUNERAL ;1
2025-02-25;PERDÕES;1831,57;FUNERAL ;1
2025-02-25;PIAU ;1800,3;FUNERAL ;1
2025-02-25;PONTE NOVA;2541,6;FUNERAL ;1
2025-02-25;PONTE NOVA;1320,0;FUNERAL ;1
2025-02-25;RESENDE COSTA;1540,83;FUNERAL ;1
2025-02-25;RESPLENDOR;1412,0;FUNERAL ;1
2025-02-25;RIO ESPERA;1800,0;FUNERAL ;1
2025-02-25;SABARÁ;2378,54;FUNERAL ;1
2025-02-25;SANTA LUZIA ;1412,0;FUNERAL ;1
2025-02-25;SÃO DOMINGOS DO PRATA;1786,89;FUNERAL ;1
2025-02-25;SÃO JOÃO DEL REI ;1986,37;FUNERAL ;1
2025-02-25;SÃO JOÃO DO PARAÍSO ;1466,58;FUNERAL ;1
2025-02-25;SÃO JOSÉ DO JACURI ;1412,0;FUNERAL ;1
2025-02-25;TEÓFILO OTONI ;2070,0;FUNERAL ;1
2025-02-25;TEÓFILO OTONI ;1059,0;NATALIDADE;1
2025-02-25;TIMOTEO ;1477,36;FUNERAL ;1
2025-02-25;TRÊS PONTAS;1412,0;FUNERAL ;1
2025-02-25;UBERABA;800,0;FUNERAL ;1
2025-02-25;UBERLÂNDIA;1412,0;FUNERAL ;1
2025-02-25;VARGINHA;2485,12;FUNERAL ;1
2025-02-25;VIÇOSA ;1412,0;FUNERAL ;1
2025-03-25;UBÁ;1412,0;FUNERAL ;1
2025-03-25;TEÓFILO OTONI;1412,0;FUNERAL ;1
2025-03-25;BELO HORIZONTE;550,0;FUNERAL ;1
2025-03-25;ARAGUARI;2212,79;FUNERAL ;1
2025-03-25;BELO HORIZONTE;1412,0;FUNERAL ;1
2025-03-25;MONTES CLAROS;1412,0;FUNERAL ;1
2025-03-25;MONTES CLAROS;1786,89;FUNERAL ;1
2025-03-25;MURIAÉ;800,0;FUNERAL ;1
2025-03-25;ESTIVA;1579,35;FUNERAL ;1
2025-03-25;RESENDE COSTA;1412,0;FUNERAL ;1
2025-03-25;DIVERSOS MUNICÍPIOS - ESTADUAL;1881,79;FUNERAL ;1
2025-03-25;MONTES CLAROS;1800,3;FUNERAL ;1
2025-03-25;NOVA LIMA;2003,76;FUNERAL ;1
2025-03-25;NEPOMUCENO;1998,76;FUNERAL ;1
2025-03-25;CONTAGEM;1518,0;FUNERAL ;1
2025-03-25;UBERABA;1852,72;FUNERAL ;1
2025-03-25;BELO HORIZONTE;1807,05;FUNERAL ;1
2025-03-25;NOVA ERA;850,0;FUNERAL ;1
2025-03-25;SÃO SEBASTIÃO DA VARGEM ALEGRE;1518,0;FUNERAL ;1
2025-03-25;MANHUAÇU;1059,0;NATALIDADE;1
2025-03-25;ALMENARA;1707,75;NATALIDADE;1
2025-03-25;MONTES CLAROS;1138,5;NATALIDADE;1
2025-04-25;DIVINÓPOLIS;1564,88;FUNERAL ;1
2025-04-25;RIO PARDO DE MINAS;1924,29;FUNERAL ;1
2025-04-25;BELO HORIZONTE;1412,0;FUNERAL ;1
2025-04-25;DIVINÓPOLIS;1743,31;FUNERAL ;1
2025-04-25;TIMÓTEO;2774,83;FUNERAL ;1
2025-04-25;JOÃO PINHEIRO;2732,4;FUNERAL ;1
2025-04-25;ITUIUTABA;2231,68;FUNERAL ;1
2025-04-25;UBÁ;2774,83;FUNERAL ;1
2025-04-25;VISCONDE DO RIO BRANCO;2774,83;FUNERAL ;1
2025-04-25;SANTA LUZIA;2795,76;FUNERAL ;1
2025-04-25;BELO HORIZONTE;1518,0;FUNERAL ;1
2025-04-25;BETIM;2638,29;FUNERAL ;1
2025-04-25;JEQUITINHONHA;1466,58;FUNERAL ;1
2025-04-25;POUSO ALEGRE;1700,81;FUNERAL ;1
2025-04-25;TEÓFILO OTONI;1400,0;FUNERAL ;1
2025-04-25;BETIM;2610,73;FUNERAL ;1
2025-04-25;GUIRICEMA;2844,2;FUNERAL ;1
2025-04-25;PARAOPEBA;2134,95;FUNERAL ;1
2025-04-25;MONTES CLAROS;1700,81;FUNERAL ;1
2025-04-25;ARICANDUVA;2774,83;FUNERAL ;1
2025-04-25;BOM DESPACHO;1917,11;FUNERAL ;1
2025-04-25;PAVÃO;2541,6;FUNERAL ;1
2025-04-25;DIVINÓPOLIS;1412,0;FUNERAL ;1
2025-04-25;BELO HORIZONTE;2774,83;FUNERAL ;1
2025-04-25;OLIVEIRA;2732,4;FUNERAL ;1
2025-04-25;BELO HORIZONTE;1616,59;FUNERAL ;1
2025-04-25;FORMIGA;1518,0;FUNERAL ;1
2025-04-25;TEÓFILO OTONI;1786,89;FUNERAL ;1
2025-04-25;ITABIRA;1430,15;FUNERAL ;1
2025-04-25;BELO HORIZONTE;1138,5;NATALIDADE;1
2025-04-25;ARAGUARI;1138,5;NATALIDADE;1
2025-05-25;PATOS DE MINAS;2640,44;FUNERAL ;1
2025-05-25;NANUQUE;950,0;FUNERAL ;1
2025-05-25;SETE LAGOAS;1240,0;FUNERAL ;1
2025-05-25;JANAÚBA;1518,0;FUNERAL ;1
2025-05-25;ÁGUAS VERMELHAS;1786,89;FUNERAL ;1
2025-05-25;ITAOBIM;1518,0;FUNERAL ;1
2025-05-25;BELO HORIZONTE;1659,33;FUNERAL ;1
2025-05-25;SÃO FRANCISCO;1466,58;FUNERAL ;1
2025-05-25;DIVINÓPOLIS;1518,0;FUNERAL ;1
2025-05-25;UBERLÂNDIA;1100,0;FUNERAL ;1
2025-05-25;MONTES CLAROS;2844,2;FUNERAL ;1
2025-05-25;SÃO JOÃO DEL REI;2844,2;FUNERAL ;1
2025-05-25;RIBEIRÃO DAS NEVES;1412,0;FUNERAL ;1
2025-05-25;JANUÁRIA;1618,84;FUNERAL ;1
2025-05-25;TEÓFILO OTONI;2290,01;FUNERAL ;1
2025-05-25;MURIAÉ;1412,0;FUNERAL ;1
2025-05-25;SANTA JULIANA;1466,58;FUNERAL ;1
2025-05-25;DIVINÓPOLIS;1518,0;FUNERAL ;1
2025-05-25;PEDRA AZUL;1518,0;FUNERAL ;1
2025-05-25;UBERABA;2472,32;FUNERAL ;1
2025-05-25;CAXAMBU;1412,0;FUNERAL ;1
2025-05-25;ROMARIA;1546,31;FUNERAL ;1
2025-05-25;DIVERSOS MUNICÍPIOS - ESTADUAL;1518,0;FUNERAL ;1
2025-05-25;DIVERSOS MUNICÍPIOS - ESTADUAL;2774,83;FUNERAL ;1
2025-05-25;BELO HORIZONTE;1990,0;FUNERAL ;1
2025-05-25;CLÁUDIO;1518,0;FUNERAL ;1
2025-05-25;BOM DESPACHO;1579,35;FUNERAL ;1
2025-05-25;PATOS DE MINAS;1518,0;FUNERAL ;1
2025-05-25;FORMIGA;2314,41;FUNERAL ;1
2025-05-25;CORONEL FABRICIANO;1089,0;FUNERAL ;1
2025-05-25;BELO HORIZONTE;1000,0;FUNERAL ;1
2025-05-25;GOVERNADOR VALADARES;1518,0;FUNERAL ;1
2025-05-25;OURO PRETO;1518,0;FUNERAL ;1
2025-05-25;BELO HORIZONTE;2387,47;FUNERAL ;1
2025-05-25;BOCAIÚVA;1518,0;FUNERAL ;1
2025-05-25;DIVERSOS MUNICÍPIOS - ESTADUAL;2809,8;FUNERAL ;1
2025-05-25;JEQUITINHONHA;2671,68;FUNERAL ;1
2025-05-25;ITAJUBÁ;1618,84;FUNERAL ;1
2025-05-25;JANAÚBA;1579,35;FUNERAL ;1
2025-05-25;DIAMANTINA;1659,33;FUNERAL ;1
2025-05-25;DIVINÓPOLIS;1518,0;FUNERAL ;1
2025-05-25;MONTES CLAROS;2735,92;FUNERAL ;1
2025-05-25;MONTES CLAROS;1518,0;FUNERAL ;1
2025-05-25;UBÁ;1466,58;FUNERAL ;1
2025-05-25;FELIXLÂNDIA;1518,0;FUNERAL ;1
2025-05-25;ESMERALDAS;1173,26;FUNERAL ;1
2025-05-25;MACHADO;1518,0;FUNERAL ;1
2025-05-25;ITAJUBÁ;1786,89;FUNERAL ;1
2025-05-25;JANUÁRIA;1518,0;FUNERAL ;1
2025-05-25;BELO HORIZONTE;1980,33;FUNERAL ;1
2025-05-25;CORONEL FABRICIANO;1412,0;FUNERAL ;1
2025-05-25;SÃO GONÇALO DO SAPUCAÍ;1138,5;NATALIDADE;1
2025-05-25;BELO HORIZONTE;1138,5;NATALIDADE;1
2025-05-25;LAVRAS;1138,5;NATALIDADE;1
2025-05-25;SETE LAGOAS;1138,5;NATALIDADE;1
2025-05-25;BELO HORIZONTE;1138,5;NATALIDADE;1
2025-05-25;ITAMARANDIBA;1138,5;NATALIDADE;1
2025-05-25;MONTES CLAROS;1138,5;NATALIDADE;1
2025-05-25;PONTE NOVA;1138,5;NATALIDADE;1
2025-06-25;VARGINHA;1518,0;FUNERAL ;1
2025-06-25;MONTES CLAROS;2049,3;FUNERAL ;1
2025-06-25;BOM SUCESSO;1618,84;FUNERAL ;1
2025-06-25;BELO HORIZONTE;2774,83;FUNERAL ;1
2025-06-25;JEQUITINHONHA;2774,83;FUNERAL ;1
2025-06-25;JEQUITINHONHA;1518,0;FUNERAL ;1
2025-06-25;ARAXÁ;1518,0;FUNERAL ;1
2025-06-25;BELO HORIZONTE;1934,31;FUNERAL ;1
2025-06-25;GOVERNADOR VALADARES;1412,0;FUNERAL ;1
2025-06-25;SALINAS;1518,0;FUNERAL ;1
2025-06-25;MANTENA;2732,4;FUNERAL ;1
2025-06-25;VARGINHA;1436,87;FUNERAL ;1
2025-06-25;UBERLÂNDIA;1518,0;FUNERAL ;1
2025-06-25;JOÃO MONLEVADE;1200,0;FUNERAL ;1
2025-06-25;COQUEIRAL;2774,83;FUNERAL ;1
2025-06-25;BELO HORIZONTE;2497,35;FUNERAL ;1
2025-06-25;BELO HORIZONTE;2774,83;FUNERAL ;1
2025-06-25;DIVINÓPOLIS;2809,8;FUNERAL ;1
2025-06-25;CONTAGEM;1743,31;FUNERAL ;1
2025-06-25;BOM DESPACHO;1725,46;FUNERAL ;1
2025-06-25;BONITO DE MINAS;2774,83;FUNERAL ;1
2025-06-25;UBERLÂNDIA;1100,0;FUNERAL ;1
2025-06-25;BELO HORIZONTE;2774,83;FUNERAL ;1
2025-06-25;JANAÚBA;2844,2;FUNERAL ;1
2025-06-25;BELO HORIZONTE;2844,2;FUNERAL ;1
2025-06-25;TEÓFILO OTONI;1200,0;FUNERAL ;1
2025-06-25;ITAJUBÁ;1831,57;FUNERAL ;1
2025-06-25;BELO HORIZONTE;1518,0;FUNERAL ;1
2025-06-25;BOM DESPACHO;250,0;FUNERAL ;1
2025-06-25;MURIAÉ;1518,0;FUNERAL ;1
2025-06-25;BOM DESPACHO;1173,26;FUNERAL ;1
2025-06-25;DIVINÓPOLIS;2213,73;FUNERAL ;1
2025-06-25;BELO ORIENTE;1743,31;FUNERAL ;1
2025-06-25;DIVINÓPOLIS;2394,25;FUNERAL ;1
2025-06-25;BELO HORIZONTE;2774,83;FUNERAL ;1
2025-06-25;BONFIM;1400,0;FUNERAL ;1
2025-06-25;UBÁ;2774,83;FUNERAL ;1
2025-06-25;UBÁ;1466,58;FUNERAL ;1
2025-06-25;FORMIGA;2671,68;FUNERAL ;1
2025-06-25;GOVERNADOR VALADARES;2343,6;FUNERAL ;1
2025-06-25;MANHUAÇU;1138,5;NATALIDADE;1
2025-06-25;BELO HORIZONTE;1138,5;NATALIDADE;1
2025-06-25;BELO HORIZONTE;1138,5;NATALIDADE;1
2025-06-25;PARACATU;1138,5;NATALIDADE;1
2025-06-25;MANHUAÇU;1138,5;NATALIDADE;1
2025-06-25;BRASÍLIA DE MINAS;1138,5;NATALIDADE;1
2025-07-25;PRATA;1250,0;FUNERAL ;1
2025-07-25;CATAGUASES;1500,0;FUNERAL ;1
2025-07-25;BETIM;1250,0;FUNERAL ;1
2025-07-25;ESPINOSA;1831,57;FUNERAL ;1
2025-07-25;PIEDADE DO RIO GRANDE;1518,0;FUNERAL ;1
2025-07-25;BRASÍLIA DE MINAS;1518,0;FUNERAL ;1
2025-07-25;BELO HORIZONTE;1518,0;FUNERAL ;1
2025-07-25;BELO HORIZONTE;2129,0;FUNERAL ;1
2025-07-25;ITAMARANDIBA;2384,65;FUNERAL ;1
2025-07-25;PARÁ DE MINAS;1924,29;FUNERAL ;1
2025-07-25;BRASÍLIA DE MINAS;2774,83;FUNERAL ;1
2025-07-25;BOCAIÚVA;1518,0;FUNERAL ;1
2025-07-25;BELO HORIZONTE;2076,0;FUNERAL ;1
2025-07-25;UBERLÂNDIA;1100,0;FUNERAL ;1
2025-07-25;JUATUBA;1412,0;FUNERAL ;1
2025-07-25;FORMIGA;1518,0;FUNERAL ;1
2025-07-25;BELO HORIZONTE;2015,23;FUNERAL ;1
2025-07-25;LAGOA DOURADA;2671,68;FUNERAL ;1
2025-07-25;JANUÁRIA;1518,0;FUNERAL ;1
2025-07-25;PORTEIRINHA;2732,4;FUNERAL ;1
2025-07-25;SÃO SEBASTIÃO DO PARAÍSO;2454,05;FUNERAL ;1
2025-07-25;CONCEIÇÃO DO PARÁ;1450,0;FUNERAL ;1
2025-07-25;ITAJUBÁ;1518,0;FUNERAL ;1
2025-07-25;BELO HORIZONTE;1518,0;FUNERAL ;1
2025-07-25;BRASILÂNDIA DE MINAS;1466,58;FUNERAL ;1
2025-07-25;SALINAS;2838,66;FUNERAL ;1
2025-07-25;BELO HORIZONTE;2774,83;FUNERAL ;1
2025-07-25;COROMANDEL;1995,18;FUNERAL ;1
2025-07-25;DIVINO DAS LARANJEIRAS;2732,4;FUNERAL ;1
2025-07-25;POMPÉU;2640,44;FUNERAL ;1
2025-07-25;DIVINÓPOLIS;2809,8;FUNERAL ;1
2025-07-25;SANTA LUZIA;1965,61;FUNERAL ;1
2025-07-25;BETIM;1600,0;FUNERAL ;1
2025-07-25;NOVO CRUZEIRO;1582,32;FUNERAL ;1
2025-07-25;MACHADO;1540,83;FUNERAL ;1
2025-07-25;IBIRITÉ;1466,58;FUNERAL ;1
2025-07-25;JOÃO MONLEVADE;1518,0;FUNERAL ;1
2025-07-25;DIVERSOS MUNICÍPIOS - ESTADUAL;1947,43;FUNERAL ;1
2025-07-25;OURO PRETO;2102,28;FUNERAL ;1
2025-07-25;MONTE AZUL;2125,2;FUNERAL ;1
2025-07-25;BELO HORIZONTE;1707,75;FUNERAL ;1
2025-07-25;OURO FINO;2774,83;FUNERAL ;1
2025-07-25;PIRAJUBA;1927,91;FUNERAL ;1
2025-07-25;JANAÚBA;2774,83;FUNERAL ;1
2025-07-25;JANAÚBA;1518,0;FUNERAL ;1
2025-07-25;GOVERNADOR VALADARES;2520,19;FUNERAL ;1
2025-07-25;POÇOS DE CALDAS;1646,12;FUNERAL ;1
2025-07-25;FORMIGA;2732,4;FUNERAL ;1
2025-07-25;BELO HORIZONTE;2278,89;FUNERAL ;1
2025-07-25;SALINAS;1138,5;NATALIDADE;1
2025-07-25;ITAMARANDIBA;1138,5;NATALIDADE;1
2025-07-25;CAPELINHA;1138,5;NATALIDADE;1
2025-07-25;MONTES CLAROS;1138,5;NATALIDADE;1
2025-07-25;JOÃO PINHEIRO;1138,5;NATALIDADE;1
2025-07-25;SETE LAGOAS;1138,5;NATALIDADE;1
2025-07-25;CONTAGEM;1138,5;NATALIDADE;1
2025-07-25;JANUÁRIA;1138,5;NATALIDADE;1
2025-08-25;ALVINÓPOLIS;2382,95;FUNERAL ;1
2025-08-25;ARAXÁ;2671,68;FUNERAL ;1
2025-08-25;ARAXÁ;1518,0;FUNERAL ;1
2025-08-25;ARAXÁ;1850,0;FUNERAL ;1
2025-08-25;ARAXÁ;1518,0;FUNERAL ;1
2025-08-25;BELO HORIZONTE;1683,0;FUNERAL ;1
2025-08-25;BELO HORIZONTE;1518,0;FUNERAL ;1
2025-08-25;BELO HORIZONTE;744,7;FUNERAL ;1
2025-08-25;BELO HORIZONTE;1518,0;FUNERAL ;1
2025-08-25;BELO HORIZONTE;1147,29;FUNERAL ;1
2025-08-25;BELO HORIZONTE;1723,04;FUNERAL ;1
2025-08-25;BELO HORIZONTE;2254,23;FUNERAL ;1
2025-08-25;BELO HORIZONTE;1543,72;FUNERAL ;1
2025-08-25;BOM SUCESSO;1518,0;FUNERAL ;1
2025-08-25;BORDA DA MATA;1529,17;FUNERAL ;1
2025-08-25;BRASÍLIA DE MINAS;2671,68;FUNERAL ;1
2025-08-25;BRUMADINHO;1650,82;FUNERAL ;1
2025-08-25;CENTRALINA;1518,0;FUNERAL ;1
2025-08-25;CENTRALINA;2076,16;FUNERAL ;1
2025-08-25;CORONEL FABRICIANO;2589,84;FUNERAL ;1
2025-08-25;CURRAL DE DENTRO;1518,0;FUNERAL ;1
2025-08-25;DIAMANTINA;2671,68;FUNERAL ;1
2025-08-25;DIVINO;1927,91;FUNERAL ;1
2025-08-25;DIVINÓPOLIS;1412,0;FUNERAL ;1
2025-08-25;FRUTAL;1543,72;FUNERAL ;1
2025-08-25;GOVERNADOR VALADARES;1483,08;FUNERAL ;1
2025-08-25;GOVERNADOR VALADARES;1518,0;FUNERAL ;1
2025-08-25;ITAIPÉ;2774,83;FUNERAL ;1
2025-08-25;ITAJUBÁ;1412,0;FUNERAL ;1
2025-08-25;ITAÚNA;265,0;FUNERAL ;1
2025-08-25;JANAÚBA;2200,0;FUNERAL ;1
2025-08-25;JECEABA;1518,0;FUNERAL ;1
2025-08-25;JUATUBA;1518,0;FUNERAL ;1
2025-08-25;JUIZ DE FORA;1707,75;FUNERAL ;1
2025-08-25;MONTES CLAROS;1880,88;FUNERAL ;1
2025-08-25;MONTES CLAROS;1700,0;FUNERAL ;1
2025-08-25;MONTES CLAROS;2178,42;FUNERAL ;1
2025-08-25;PALMÓPOLIS;2179,97;FUNERAL ;1
2025-08-25;PARÁ DE MINAS;2671,68;FUNERAL ;1
2025-08-25;PEDRA AZUL;1030,0;FUNERAL ;1
2025-08-25;PEDRA DO INDAIÁ;1518,0;FUNERAL ;1
2025-08-25;PONTE NOVA;2138,89;FUNERAL ;1
2025-08-25;SÃO JOÃO DEL REI;1412,0;FUNERAL ;1
2025-08-25;SÃO JOÃO DEL REI;1518,0;FUNERAL ;1
2025-08-25;SÃO JOÃO NEPOMUCENO;1466,58;FUNERAL ;1
2025-08-25;SÃO SEBASTIÃO DO MARANHÃO;1518,0;FUNERAL ;1
2025-08-25;TAPIRA;2732,4;FUNERAL ;1
2025-08-25;UBERABA;1518,0;FUNERAL ;1
2025-08-25;UBERLÂNDIA;1100,0;FUNERAL ;1
2025-08-25;UBERLÂNDIA;1518,0;FUNERAL ;1
2025-08-25;VARGINHA;2640,44;FUNERAL ;1
2025-08-25;VISCONDE DO RIO BRANCO;1518,0;FUNERAL ;1
2025-08-25;ALMENARA;1138,5;NATALIDADE;1
2025-08-25;BELO HORIZONTE;1138,5;NATALIDADE;1
2025-08-25;BELO HORIZONTE;1138,5;NATALIDADE;1
2025-08-25;BETIM;1138,5;NATALIDADE;1
2025-08-25;BETIM;1138,5;NATALIDADE;1
2025-08-25;BOCAIÚVA;1138,5;NATALIDADE;1
2025-08-25;CONTAGEM;1138,5;NATALIDADE;1
2025-08-25;DIAMANTINA;1138,5;NATALIDADE;1
2025-08-25;DIVERSOS MUNICÍPIOS - ESTADUAL;1138,5;NATALIDADE;1
2025-08-25;MONTES CLAROS;1138,5;NATALIDADE;1
2025-08-25;MONTES CLAROS;1138,5;NATALIDADE;1
2025-08-25;SALINAS;1138,5;NATALIDADE;1
2025-08-25;TEÓFILO OTONI;1138,5;NATALIDADE;1
2025-09-25;UBERLÂNDIA;1412,0;FUNERAL ;1
2025-09-25;MONTES CLAROS;1809,8;FUNERAL ;1
2025-09-25;LEOPOLDINA;1518,0;FUNERAL ;1
2025-09-25;CENTRALINA;1880,88;FUNERAL ;1
2025-09-25;BELO HORIZONTE;1653,07;FUNERAL ;1
2025-09-25;ITANHOMI;1518,0;FUNERAL ;1
2025-09-25;CALDAS;1924,29;FUNERAL ;1
2025-09-25;PONTE NOVA;1937,41;FUNERAL ;1
2025-09-25;NOVA ERA;2709,82;FUNERAL ;1
2025-09-25;BELO HORIZONTE;2157,67;FUNERAL ;1
2025-09-25;ENGENHEIRO NAVARRO;1518,0;FUNERAL ;1
2025-09-25;PATOS DE MINAS;1750,0;FUNERAL ;1
2025-09-25;OLIVEIRA;2671,68;FUNERAL ;1
2025-09-25;BELO HORIZONTE;1518,0;FUNERAL ;1
2025-09-25;OLIVEIRA;1518,0;FUNERAL ;1
2025-09-25;UBERLÂNDIA;1100,0;FUNERAL ;1
2025-09-25;MANGA;1746,61;FUNERAL ;1
2025-09-25;GOVERNADOR VALADARES;1518,0;FUNERAL ;1
2025-09-25;BELO HORIZONTE;2029,43;FUNERAL ;1
2025-09-25;ITAÚNA;725,0;FUNERAL ;1
2025-09-25;SALINAS;1518,0;FUNERAL ;1
2025-09-25;GOVERNADOR VALADARES;1518,0;FUNERAL ;1
2025-09-25;BELO HORIZONTE;1518,0;FUNERAL ;1
2025-09-25;SALTO DA DIVISA;2000,0;FUNERAL ;1
2025-09-25;VISCONDE DO RIO BRANCO;1518,0;FUNERAL ;1
2025-09-25;SALINAS;1790,27;FUNERAL ;1
2025-09-25;RIO DO PRADO;1518,0;FUNERAL ;1
2025-09-25;CONTAGEM;2003,76;FUNERAL ;1
2025-09-25;RODEIRO;2068,41;FUNERAL ;1
2025-09-25;ARAXÁ;2003,76;FUNERAL ;1
2025-09-25;DORES DO INDAIÁ;2379,6;FUNERAL ;1
2025-09-25;SALINAS;2838,66;FUNERAL ;1
2025-09-25;CARMO DA MATA;2025,51;FUNERAL ;1
2025-09-25;NAZARENO;2454,1;FUNERAL ;1
2025-09-25;PONTE NOVA;1518,0;FUNERAL ;1
2025-09-25;CONTAGEM;1518,0;FUNERAL ;1
2025-09-25;VÁRZEA DA PALMA;2292,63;FUNERAL ;1
2025-09-25;VÁRZEA DA PALMA;1543,72;FUNERAL ;1
2025-09-25;PEDRO LEOPOLDO;1518,0;FUNERAL ;1
2025-09-25;ARCOS;1900,0;FUNERAL ;1
2025-09-25;BRASÍLIA DE MINAS;2671,68;FUNERAL ;1
2025-09-25;MONTES CLAROS;2076,8;FUNERAL ;1
2025-09-25;SÃO SEBASTIÃO DO PARAÍSO;2732,4;FUNERAL ;1
2025-09-25;CHAPADA GAÚCHA;1518,0;FUNERAL ;1
2025-09-25;ESMERALDAS;1518,0;FUNERAL ;1
2025-09-25;BELO HORIZONTE;2003,76;FUNERAL ;1
2025-09-25;OURO PRETO;2003,76;FUNERAL ;1
2025-09-25;GUIMARÂNIA;1700,81;FUNERAL ;1
2025-09-25;CAMPO BELO;2500,0;FUNERAL ;1
2025-09-25;CONTAGEM;1302,0;FUNERAL ;1
2025-09-25;BELO HORIZONTE;1138,5;NATALIDADE;1
2025-09-25;BELO HORIZONTE;1138,5;NATALIDADE;1
2025-09-25;ITAMARANDIBA;1138,5;NATALIDADE;1
2025-09-25;SETE LAGOAS;1138,5;NATALIDADE;1
2025-09-25;BELO HORIZONTE;1138,5;NATALIDADE;1
2025-09-25;BELO HORIZONTE;1138,5;NATALIDADE;1
2025-09-25;MONTES CLAROS;1138,5;NATALIDADE;1
2025-09-25;PEDRA AZUL;1059,0;NATALIDADE;1
2025-10-25;BRASÍLIA DE MINAS;1626,43;FUNERAL ;1
2025-10-25;LUZ;2844,2;FUNERAL ;1
2025-10-25;PARACATU;2671,68;FUNERAL ;1
2025-10-25;VESPASIANO;1543,72;FUNERAL ;1
2025-10-25;JEQUITINHONHA;1518,0;FUNERAL ;1
2025-10-25;MONTES CLAROS;1542,72;FUNERAL ;1
2025-10-25;IPATINGA;1518,0;FUNERAL ;1
2025-10-25;BELO HORIZONTE;1662,42;FUNERAL ;1
2025-10-25;CONSELHEIRO LAFAIETE;1790,27;FUNERAL ;1
2025-10-25;PATOS DE MINAS;2004,75;FUNERAL ;1
2025-10-25;CENTRAL DE MINAS;2130,84;FUNERAL ;1
2025-10-25;JUIZ DE FORA;1412,0;FUNERAL ;1
2025-10-25;ARAXÁ;2691,28;FUNERAL ;1
2025-10-25;UBERLÂNDIA;1518,0;FUNERAL ;1
2025-10-25;DIVINÓPOLIS;1518,0;FUNERAL ;1
2025-10-25;JEQUITINHONHA;2701,81;FUNERAL ;1
2025-10-25;BELO HORIZONTE;917,95;FUNERAL ;1
2025-10-25;TEÓFILO OTONI;1518,0;FUNERAL ;1
2025-10-25;BELO HORIZONTE;1703,99;FUNERAL ;1
2025-10-25;LIMA DUARTE;1518,0;FUNERAL ;1
2025-10-25;UBERLÂNDIA;1518,0;FUNERAL ;1
2025-10-25;UBÁ;2003,76;FUNERAL ;1
2025-10-25;CONTAGEM;2812,11;FUNERAL ;1
2025-10-25;BELO HORIZONTE;1518,0;FUNERAL ;1
2025-10-25;GUARARÁ;2263,71;FUNERAL ;1
2025-10-25;JUIZ DE FORA;1869,38;FUNERAL ;1
2025-10-25;BELO HORIZONTE;2185,75;FUNERAL ;1
2025-10-25;BOM DESPACHO;1518,0;FUNERAL ;1
2025-10-25;OLIVEIRA;1718,0;FUNERAL ;1
2025-10-25;ALVINÓPOLIS;1669,8;FUNERAL ;1
2025-10-25;BELO HORIZONTE;2235,68;FUNERAL ;1
2025-10-25;LEOPOLDINA;1543,72;FUNERAL ;1
2025-10-25;BELO HORIZONTE;2761,17;FUNERAL ;1
2025-10-25;LAVRAS;1746,61;FUNERAL ;1
2025-10-25;MONTE AZUL;1935,45;FUNERAL ;1
2025-10-25;UBERABA;1703,99;FUNERAL ;1
2025-10-25;ARAXÁ;1518,0;FUNERAL ;1
2025-10-25;CARATINGA;1059,0;NATALIDADE;1
2025-10-25;JANUÁRIA;1138,5;NATALIDADE;1
2025-10-25;JOÃO PINHEIRO;1138,5;NATALIDADE;1
2025-10-25;TEÓFILO OTONI;1138,5;NATALIDADE;1
2025-10-25;BELO HORIZONTE;1138,5;NATALIDADE;1
2025-10-25;MANHUAÇU;1138,5;NATALIDADE;1
2025-11-25;DIVERSOS MUNICÍPIOS - ESTADUAL;2458,72;FUNERAL ;1
2025-11-25;BELO HORIZONTE;2555,99;FUNERAL ;1
2025-11-25;SANTA LUZIA;1850,06;FUNERAL ;1
2025-11-25;SETE LAGOAS;1518,0;FUNERAL ;1
2025-11-25;BRASÍLIA DE MINAS;1835,01;FUNERAL ;1
2025-11-25;ÁGUAS FORMOSAS;1518,0;FUNERAL ;1
2025-11-25;NACIP RAYDAN;1518,0;FUNERAL ;1
2025-11-25;BELO HORIZONTE;2128,1;FUNERAL ;1
2025-11-25;BELO HORIZONTE;933,9;FUNERAL ;1
2025-11-25;ENGENHEIRO CALDAS;1835,01;FUNERAL ;1
2025-11-25;MONTES CLAROS;1518,0;FUNERAL ;1
2025-11-25;CENTRALINA;1518,0;FUNERAL ;1
2025-11-25;NACIP RAYDAN;1518,0;FUNERAL ;1
2025-11-25;SÃO JOÃO DO MANTENINHA;1518,0;FUNERAL ;1
2025-11-25;UBERABA;1802,17;FUNERAL ;1
2025-11-25;PATOS DE MINAS;2025,51;FUNERAL ;1
2025-11-25;TEÓFILO OTONI;2290,01;FUNERAL ;1
2025-11-25;GOVERNADOR VALADARES;1790,27;FUNERAL ;1
2025-11-25;VÁRZEA DA PALMA;1529,58;FUNERAL ;1
2025-11-25;GOVERNADOR VALADARES;2346,63;FUNERAL ;1
2025-11-25;UBERLÂNDIA;1518,0;FUNERAL ;1
2025-11-25;DIVINÓPOLIS;1908,15;FUNERAL ;1
2025-11-25;CONGONHAS;1927,91;FUNERAL ;1
2025-11-25;ARAXÁ;2378,0;FUNERAL ;1
2025-11-25;BOA ESPERANÇA;1518,0;FUNERAL ;1
2025-11-25;CORONEL FABRICIANO;1400,0;FUNERAL ;1
2025-11-25;DIVERSOS MUNICÍPIOS - ESTADUAL;2502,85;FUNERAL ;1
2025-11-25;DIVERSOS MUNICÍPIOS - ESTADUAL;1412,0;FUNERAL ;1
2025-11-25;CONTAGEM;1880,88;FUNERAL ;1
2025-11-25;GOVERNADOR VALADARES;1412,0;FUNERAL ;1
2025-11-25;OLIVEIRA;2211,94;FUNERAL ;1
2025-11-25;ITABIRINHA;1070,0;FUNERAL ;1
2025-11-25;MONTES CLAROS;2003,76;FUNERAL ;1
2025-11-25;TEÓFILO OTONI;1576,0;FUNERAL ;1
2025-11-25;RAUL SOARES;1877,36;FUNERAL ;1
2025-11-25;GONZAGA;1518,0;FUNERAL ;1
2025-11-25;ITAPECERICA;2348,55;FUNERAL ;1
2025-11-25;CONTAGEM;2068,41;FUNERAL ;1
2025-11-25;TIMÓTEO;1976,11;FUNERAL ;1
2025-11-25;PORTEIRINHA;2184,19;FUNERAL ;1
2025-11-25;JANUÁRIA;1567,4;FUNERAL ;1
2025-11-25;ITAÚNA;1890,4;FUNERAL ;1
2025-11-25;DIVERSOS MUNICÍPIOS - ESTADUAL;2003,76;FUNERAL ;1
2025-11-25;ALMENARA;2732,4;FUNERAL ;1
2025-11-25;BELO HORIZONTE;1518,0;FUNERAL ;1
2025-11-25;CONTAGEM;1138,5;NATALIDADE;1
2025-11-25;BELO HORIZONTE;1138,5;NATALIDADE;1
2025-11-25;DIAMANTINA;1138,5;NATALIDADE;1
2025-11-25;PONTE NOVA;1138,5;NATALIDADE;1
2025-11-25;BELO HORIZONTE;1138,5;NATALIDADE;1
2025-11-25;BELO HORIZONTE;1138,5;NATALIDADE;1
2025-12-25;PERDIGÃO;2671,68;FUNERAL ;1
2025-12-25;BELO HORIZONTE;2796,75;FUNERAL ;1
2025-12-25;MEDINA;2774,83;FUNERAL ;1
2025-12-25;ARANTINA;1518,0;FUNERAL ;1
2025-12-25;RIO PARDO DE MINAS;2724,67;FUNERAL ;1
2025-12-25;FERROS;1518,0;FUNERAL ;1
2025-12-25;ALMENARA;2520,19;FUNERAL ;1
2025-12-25;BELO HORIZONTE;2065,54;FUNERAL ;1
2025-12-25;CRISTIANO OTONI;2025,51;FUNERAL ;1
2025-12-25;ALMENARA;1518,0;FUNERAL ;1
2025-12-25;BELO HORIZONTE;1518,0;FUNERAL ;1
2025-12-25;MONTES CLAROS;1582,32;FUNERAL ;1
2025-12-25;IPABA;1518,0;FUNERAL ;1
2025-12-25;BELO HORIZONTE;1742,17;FUNERAL ;1
2025-12-25;BELO HORIZONTE;1518,0;FUNERAL ;1
2025-12-25;SETE LAGOAS;1280,0;FUNERAL ;1
2025-12-25;CONTAGEM;2299,66;FUNERAL ;1
2025-12-25;BOM SUCESSO;1551,57;FUNERAL ;1
2025-12-25;ITAÚNA;1518,0;FUNERAL ;1
2025-12-25;BELO HORIZONTE;2409,25;FUNERAL ;1
2025-12-25;TEÓFILO OTONI;2100,0;FUNERAL ;1
2025-12-25;JUIZ DE FORA;2505,38;FUNERAL ;1
2025-12-25;RIBEIRÃO DAS NEVES;2330,63;FUNERAL ;1
2025-12-25;BAEPENDI;2679,14;FUNERAL ;1
2025-12-25;GUIMARÂNIA;1500,0;FUNERAL ;1
2025-12-25;PERDÕES;1518,0;FUNERAL ;1
2025-12-25;IBIRITÉ;1518,0;FUNERAL ;1
2025-12-25;BELO HORIZONTE;1518,0;FUNERAL ;1
2025-12-25;JUIZ DE FORA;2003,76;FUNERAL ;1
2025-12-25;PALMA;1412,0;FUNERAL ;1
2025-12-25;CORONEL FABRICIANO;1518,0;FUNERAL ;1
2025-12-25;LAVRAS;1518,0;FUNERAL ;1
2025-12-25;UBÁ;1110,0;FUNERAL ;1
2025-12-25;PIUMHI;1662,42;FUNERAL ;1
2025-12-25;GOVERNADOR VALADARES;1518,0;FUNERAL ;1
2025-12-25;CONTAGEM;1800,0;FUNERAL ;1
2025-12-25;BELO HORIZONTE;1808,45;FUNERAL ;1
2025-12-25;GUARANI;1800,0;FUNERAL ;1
2025-12-25;CORONEL FABRICIANO;1518,0;FUNERAL ;1
2025-12-25;PEDRA AZUL;1138,5;NATALIDADE;1
2025-12-25;BELO HORIZONTE;1138,5;NATALIDADE;1
2025-12-25;BELO HORIZONTE;1138,5;NATALIDADE;1
2025-12-25;POUSO ALEGRE;1138,5;NATALIDADE;1
2025-12-25;CONSELHEIRO LAFAIETE;1707,75;NATALIDADE;1
2025-12-25;BELO HORIZONTE;1138,5;NATALIDADE;1
2025-12-25;BELO HORIZONTE;1138,5;NATALIDADE;1
2025-12-25;SANTA MARIA DO SUAÇUÍ;1138,5;NATALIDADE;1
2025-12-25;UBERLÂNDIA;1138,5;NATALIDADE;1
2025-12-25;SALINAS;1138,5;NATALIDADE;1
2026-02-26;JUIZ DE FORA;2004,75;FUNERAL ;1
2026-02-26;CONTAGEM;1480,0;FUNERAL ;1
2026-02-26;POUSO ALEGRE;2583,13;FUNERAL ;1
2026-02-26;MONTES CLAROS;1568,98;FUNERAL ;1
2026-02-26;MARIANA;1662,42;FUNERAL ;1
2026-02-26;PIUMHI;1789,45;FUNERAL ;1
2026-02-26;UBERLÂNDIA;1450,0;FUNERAL ;1
2026-02-26;UBÁ;2017,95;FUNERAL ;1
2026-02-26;MONTE CARMELO;1518,0;FUNERAL ;1
2026-02-26;GOVERNADOR VALADARES;1518,0;FUNERAL ;1
2026-02-26;LAGOA SANTA;2216,42;FUNERAL ;1
2026-02-26;SÃO JOÃO NEPOMUCENO;2158,89;FUNERAL ;1
2026-02-26;CONTAGEM;1927,91;FUNERAL ;1
2026-02-26;MADRE DE DEUS DE MINAS;2025,51;FUNERAL ;1
2026-02-26;IBIRITÉ;2808,31;FUNERAL ;1
2026-02-26;FORMIGA;1518,0;FUNERAL ;1
2026-02-26;BELO HORIZONTE;2006,28;FUNERAL ;1
2026-02-26;CONTAGEM;1518,0;FUNERAL ;1
2026-02-26;BELO HORIZONTE;2257,06;FUNERAL ;1
2026-02-26;POTÉ;1000,0;FUNERAL ;1
2026-02-26;CAMPOS ALTOS;1518,0;FUNERAL ;1
2026-02-26;NEPOMUCENO;2268,18;FUNERAL ;1
2026-02-26;JUIZ DE FORA;2088,42;FUNERAL ;1
2026-02-26;CAPINÓPOLIS;1518,0;FUNERAL ;1
2026-02-26;PATROCÍNIO;1518,0;FUNERAL ;1
2026-02-26;TEÓFILO OTONI;1746,61;FUNERAL ;1
2026-02-26;MONTES CLAROS;1543,72;FUNERAL ;1
2026-02-26;JOÃO PINHEIRO;1976,11;FUNERAL ;1
2026-02-26;CAJURI;1518,0;FUNERAL ;1
2026-02-26;OLIVEIRA;1518,0;FUNERAL ;1
2026-02-26;UBÁ;1110,0;FUNERAL ;1
2026-02-26;GOVERNADOR VALADARES;1490,0;FUNERAL ;1
2026-02-26;ARAXÁ;1240,0;FUNERAL ;1
2026-02-26;MARIANA;2025,51;FUNERAL ;1
2026-02-26;RIO POMBA;1518,0;FUNERAL ;1
2026-02-26;IBIRITÉ;1518,0;FUNERAL ;1
2026-02-26;CONTAGEM;2025,51;FUNERAL ;1
2026-02-26;DIVINÓPOLIS;1518,0;FUNERAL ;1
2026-02-26;POUSO ALEGRE;1138,5;NATALIDADE;1
2026-02-26;BRASILÂNDIA DE MINAS;1138,5;NATALIDADE;1
2026-02-26;BELO HORIZONTE;1138,5;NATALIDADE;1
2026-02-26;BELO HORIZONTE;1138,5;NATALIDADE;1
2026-02-26;ARAXÁ;1138,5;NATALIDADE;1
2026-02-26;MONTES CLAROS;1138,5;NATALIDADE;1
2026-02-26;BELO HORIZONTE;1138,5;NATALIDADE;1
2026-02-26;SETE LAGOAS;1138,5;NATALIDADE;1
2026-02-26;BELO HORIZONTE;1138,5;NATALIDADE;1
2026-02-26;TRÊS CORAÇÕES;1980,33;FUNERAL ;1
2026-02-26;PIUMHI;1243,0;FUNERAL ;1
2026-02-26;DIVINÓPOLIS;1518,0;FUNERAL ;1
2026-02-26;PARACATU;1518,0;FUNERAL ;1
2026-02-26;ITAIPÉ;1880,88;FUNERAL ;1
2026-02-26;SÃO FRANCISCO;1518,0;FUNERAL ;1
2026-02-26;PARACATU;1518,0;FUNERAL ;1
2026-02-26;MONTES CLAROS;2671,68;FUNERAL ;1
2026-02-26;ARAÇUAÍ;2450,0;FUNERAL ;1
2026-02-26;UBÁ;1590,0;FUNERAL ;1
2026-02-26;BRASÍLIA DE MINAS;2370,24;FUNERAL ;1
2026-02-26;BELO HORIZONTE;1518,0;FUNERAL ;1
2026-02-26;DIVERSOS MUNICÍPIOS - ESTADUAL;2249,08;FUNERAL ;1
2026-02-26;VAZANTE;1518,0;FUNERAL ;1
2026-02-26;PEDRO LEOPOLDO;1746,61;FUNERAL ;1
2026-02-26;BELO HORIZONTE;1518,0;FUNERAL ;1
2026-02-26;ITAJUBÁ;1518,0;FUNERAL ;1
2026-02-26;FORMIGA;1885,93;FUNERAL ;1
2026-02-26;CATAGUASES;1500,0;FUNERAL ;1
2026-02-26;SÃO FRANCISCO;1518,0;FUNERAL ;1
2026-02-26;BELO HORIZONTE;1992,0;FUNERAL ;1
2026-02-26;OLIVEIRA;2146,89;FUNERAL ;1
2026-02-26;NOVA LIMA;1350,0;FUNERAL ;1
2026-02-26;BELO HORIZONTE;2952,35;FUNERAL ;1
2026-02-26;BELO HORIZONTE;1518,0;FUNERAL ;1
2026-02-26;MANGA;1518,0;FUNERAL ;1
2026-02-26;CAMPANHA;1927,91;FUNERAL ;1
2026-02-26;DIVERSOS MUNICÍPIOS - ESTADUAL;2671,68;FUNERAL ;1
2026-02-26;VAZANTE;2158,89;FUNERAL ;1
2026-02-26;JEQUITINHONHA;2838,66;FUNERAL ;1
2026-02-26;SERRA DOS AIMORÉS;1518,0;FUNERAL ;1
2026-02-26;TEÓFILO OTONI;2277,0;FUNERAL ;1
2026-02-26;UBÁ;1800,0;FUNERAL ;1
2026-02-26;MOEMA;1880,88;FUNERAL ;1
2026-02-26;FORMIGA;2250,67;FUNERAL ;1
2026-02-26;CABECEIRA GRANDE;1518,0;FUNERAL ;1
2026-02-26;GOIANÁ;1320,0;FUNERAL ;1
2026-02-26;SÃO JOÃO DA PONTE;2700,0;FUNERAL ;1
2026-02-26;MANHUAÇU;1138,5;NATALIDADE;1
2026-03-26;MONTES CLAROS;2781,76;FUNERAL ;1
2026-03-26;SABARÁ;1518,0;FUNERAL ;1
2026-03-26;ARAXÁ;2003,76;FUNERAL ;1
2026-03-26;MONTES CLAROS;1518,0;FUNERAL ;1
2026-03-26;ESPINOSA;1518,0;FUNERAL ;1
2026-03-26;PASSA TEMPO;2219,0;FUNERAL ;1
2026-03-26;PATROCÍNIO;1500,0;FUNERAL ;1
2026-03-26;UBERABA;2227,45;FUNERAL ;1
2026-03-26;BELO HORIZONTE;1551,57;FUNERAL ;1
2026-03-26;BRASÍLIA DE MINAS;1621,0;FUNERAL ;1
2026-03-26;ITABIRA;2920,79;FUNERAL ;1
2026-03-26;SABINÓPOLIS;1500,0;FUNERAL ;1
2026-03-26;JUIZ DE FORA;2671,68;FUNERAL ;1
2026-03-26;JANAÚBA;2732,4;FUNERAL ;1
2026-03-26;ARAXÁ;1621,0;FUNERAL ;1
2026-03-26;SARZEDO;1850,0;FUNERAL ;1
2026-03-26;BELO HORIZONTE;2993,8;FUNERAL ;1
2026-03-26;VIRGINÓPOLIS;1138,5;NATALIDADE;1
2026-03-26;BELO HORIZONTE;1215,75;NATALIDADE;1
2026-03-26;OLIVEIRA;1215,75;NATALIDADE;1
2026-03-26;MANHUAÇU;1138,5;NATALIDADE;1
2026-03-26;BRUMADINHO;1215,75;NATALIDADE;1
2026-03-26;SALINAS;1138,5;NATALIDADE;1
2026-03-26;MANHUAÇU;1215,75;NATALIDADE;1
2026-04-01;ÁGUA BOA;560,0;FUNERAL ;1
2026-04-01;BELO HORIZONTE;1582,32;FUNERAL ;1
2026-04-01;ARAÇUAÍ;2732,4;FUNERAL ;1
2026-04-01;PASSOS;1518,0;FUNERAL ;1
2026-04-01;ITURAMA;1571,95;FUNERAL ;1
2026-04-01;CAPIM BRANCO;480,0;FUNERAL ;1
2026-04-01;ALFENAS;2920,79;FUNERAL ;1
2026-04-01;UBERABA;1539,22;FUNERAL ;1
2026-04-01;TEÓFILO OTONI;1621,0;FUNERAL ;1
2026-04-01;BOCAIÚVA;1518,0;FUNERAL ;1
2026-04-01;OLIVEIRA;2948,07;FUNERAL ;1
2026-04-01;CURRAL DE DENTRO;2139,73;FUNERAL ;1
2026-04-01;BELO HORIZONTE;1272,6;FUNERAL ;1
2026-04-01;MONTE CARMELO;1621,0;FUNERAL ;1
2026-04-01;SÃO FRANCISCO;1518,0;FUNERAL ;1
2026-04-01;BELO HORIZONTE;1933,99;FUNERAL ;1
2026-04-01;MARIANA;1518,0;FUNERAL ;1
2026-04-01;DIAMANTINA;1621,0;FUNERAL ;1
2026-04-01;SÃO FRANCISCO;1661,11;FUNERAL ;1
2026-04-01;NOVO CRUZEIRO;1621,0;FUNERAL ;1
2026-04-01;OURO BRANCO;1500,0;FUNERAL ;1
2026-04-01;CATAGUASES;2671,68;FUNERAL ;1
2026-04-01;BELO HORIZONTE;2957,59;FUNERAL ;1
2026-04-01;CONTAGEM;2957,58;FUNERAL ;1
2026-04-01;JANUÁRIA;2000,03;FUNERAL ;1
2026-04-01;PEDRALVA;2917,8;FUNERAL ;1
2026-04-01;SENADOR FIRMINO;1621,0;FUNERAL ;1
2026-04-01;PATOS DE MINAS;2857,59;FUNERAL ;1
2026-04-01;OURO PRETO;2957,59;FUNERAL ;1
2026-04-01;TEÓFILO OTONI;1855,76;FUNERAL ;1
2026-04-01;MOEMA;1790,27;FUNERAL ;1
2026-04-01;LUISLÂNDIA;2920,79;FUNERAL ;1
2026-04-01;NOVA LIMA;2920,79;FUNERAL ;1
2026-04-01;SÃO JOÃO DEL REI;2002,39;FUNERAL ;1
2026-04-01;ITACARAMBI;1621,0;FUNERAL ;1
2026-04-01;DORES DO INDAIÁ;1587,42;FUNERAL ;1
2026-04-01;UBERABA;1621,0;FUNERAL ;1
2026-04-01;TEÓFILO OTONI;2920,79;FUNERAL ;1
2026-04-01;PALMÓPOLIS;1621,0;FUNERAL ;1
2026-04-01;UBÁ;1110,0;FUNERAL ;1
2026-04-01;SANTA BÁRBARA;1621,0;FUNERAL ;1
2026-04-01;BELO HORIZONTE;1621,0;FUNERAL ;1
2026-04-01;POUSO ALEGRE;2650,0;FUNERAL ;1
2026-04-01;SALINAS;1621,0;FUNERAL ;1
2026-04-01;CONSELHEIRO LAFAIETE;1621,88;FUNERAL ;1
2026-04-01;ÁGUA BOA;1621,0;FUNERAL ;1
2026-04-01;DIVINÓPOLIS;1621,0;FUNERAL ;1
2026-04-01;JANUÁRIA;2957,59;FUNERAL ;1
2026-04-01;MONTES CLAROS;2431,5;FUNERAL ;1
2026-04-01;FELISBURGO;1621,0;FUNERAL ;1
2026-04-01;PARACATU;2181,26;FUNERAL ;1
2026-04-01;NEPOMUCENO;2451,03;FUNERAL ;1
2026-04-01;JEQUITINHONHA;2917,8;FUNERAL ;1
2026-04-01;SABINÓPOLIS;2920,79;FUNERAL ;1
2026-04-01;DIVINÓPOLIS;1621,0;FUNERAL ;1
2026-04-01;ITAÚNA;1621,0;FUNERAL ;1
2026-04-01;PATROCÍNIO;1880,88;FUNERAL ;1
2026-04-01;SÃO GONÇALO DO SAPUCAÍ;2800,0;FUNERAL ;1
2026-04-01;NOVA SERRANA;1621,0;FUNERAL ;1
2026-04-01;MANHUAÇU;1215,75;NATALIDADE;1
2026-04-01;TEÓFILO OTONI;1215,75;NATALIDADE;1
2026-04-01;PALMA;1215,75;NATALIDADE;1
2026-04-01;BELO HORIZONTE;1215,75;NATALIDADE;1
2026-04-01;JANUÁRIA;1215,75;NATALIDADE;1
2026-04-01;BELO HORIZONTE;1215,75;NATALIDADE;1
2026-05-01;DIVERSOS MUNICÍPIOS - ESTADUAL;1518,0;FUNERAL ;1
2026-05-01;SENADOR FIRMINO;1621,0;FUNERAL ;1
2026-05-01;ARAXÁ;1621,0;FUNERAL ;1
2026-05-01;NANUQUE;1621,0;FUNERAL ;1
2026-05-01;BRASÍLIA DE MINAS;2917,8;FUNERAL ;1
2026-05-01;SÃO PEDRO DO SUAÇUÍ;1543,72;FUNERAL ;1
2026-05-01;RESENDE COSTA;2849,62;FUNERAL ;1
2026-05-01;GOVERNADOR VALADARES;1621,0;FUNERAL ;1
2026-05-01;BRASÍLIA DE MINAS;2285,67;FUNERAL ;1
2026-05-01;DIVERSOS MUNICÍPIOS - ESTADUAL;2376,61;FUNERAL ;1
2026-05-01;BELO HORIZONTE;2216,82;FUNERAL ;1
2026-05-01;BELO HORIZONTE;1746,61;FUNERAL ;1
2026-05-01;DIVINÓPOLIS;1518,0;FUNERAL ;1
2026-05-01;CÓRREGO FUNDO;1835,01;FUNERAL ;1
2026-05-01;PIRACEMA;1250,0;FUNERAL ;1
2026-05-01;PATOS DE MINAS;1500,0;FUNERAL ;1
2026-05-01;MONTES CLAROS;2920,79;FUNERAL ;1
2026-05-01;BELO HORIZONTE;2387,47;FUNERAL ;1
2026-05-01;BELO HORIZONTE;2308,62;FUNERAL ;1
2026-05-01;SANTA LUZIA;1621,0;FUNERAL ;1
2026-05-01;GOVERNADOR VALADARES;2227,45;FUNERAL ;1
2026-05-01;DIVINÓPOLIS;980,0;FUNERAL ;1
2026-05-01;SANTANA DO JACARÉ;1621,88;FUNERAL ;1
2026-05-01;PIRACEMA;2920,79;FUNERAL ;1
2026-05-01;ARAÇUAÍ;2700,0;FUNERAL ;1
2026-05-01;LIMA DUARTE;1621,0;FUNERAL ;1
2026-05-01;TEÓFILO OTONI;1621,0;FUNERAL ;1
2026-05-01;BOM DESPACHO;2264,58;FUNERAL ;1
2026-05-01;SALINAS;1927,91;FUNERAL ;1
2026-05-01;BELO HORIZONTE;1215,75;NATALIDADE;1
2026-05-01;JEQUITINHONHA;1215,75;NATALIDADE;1
2026-05-01;MANHUAÇU;1215,75;NATALIDADE;1
2026-05-01;MURIAÉ;1215,75;NATALIDADE;1
2026-05-01;JANUÁRIA;1215,75;NATALIDADE;1
2026-05-01;PASSOS;1215,75;NATALIDADE;1
2026-06-05;UBERLÂNDIA;1650,0;FUNERAL ;1
2026-06-05;VARGINHA;938,0;FUNERAL ;1
2026-06-05;MONTES CLAROS;2993,8;FUNERAL ;1
2026-06-05;ITUMIRIM;2268,18;FUNERAL ;1
2026-06-05;LAVRAS;2993,8;FUNERAL ;1
2026-06-05;UBÁ;1800,0;FUNERAL ;1
2026-06-05;TEÓFILO OTONI;2450,0;FUNERAL ;1
2026-06-05;BELO HORIZONTE;1621,0;FUNERAL ;1
2026-06-05;MONTES CLAROS;2324,89;FUNERAL ;1
2026-06-05;CAMPO BELO;1621,0;FUNERAL ;1
2026-06-05;BELO HORIZONTE;2920,79;FUNERAL ;1
2026-06-05;MONTES CLAROS;1621,0;FUNERAL ;1
2026-06-05;CARMÓPOLIS DE MINAS;1927,91;FUNERAL ;1
2026-06-05;CONTAGEM;1927,91;FUNERAL ;1
2026-06-05;ENGENHEIRO CALDAS;1880,88;FUNERAL ;1
2026-06-05;CATAGUASES;2139,72;FUNERAL ;1
2026-06-05;BRASÍLIA DE MINAS;2920,79;FUNERAL ;1
2026-06-05;SETE LAGOAS;1200,0;FUNERAL ;1
2026-06-05;BAMBUÍ;2235,71;FUNERAL ;1
2026-06-05;UBÁ;2126,92;FUNERAL ;1
2026-06-05;MIRAVÂNIA;2684,49;FUNERAL ;1
2026-06-05;PATOS DE MINAS;2993,8;FUNERAL ;1
2026-06-05;PASSOS;2993,8;FUNERAL ;1
2026-06-05;UBÁ;1621,0;FUNERAL ;1
2026-06-05;SALINAS;1621,0;FUNERAL ;1
2026-06-05;SANTA MARIA DO SUAÇUÍ;2917,8;FUNERAL ;1
2026-06-05;GOVERNADOR VALADARES;1621,0;FUNERAL ;1
2026-06-05;MONTES CLAROS;1746,61;FUNERAL ;1
2026-06-05;CAPELINHA;2048,88;FUNERAL ;1
2026-06-05;BRASÍLIA DE MINAS;1746,61;FUNERAL ;1
2026-06-05;PIRANGA;1799,07;FUNERAL ;1
2026-06-05;BRASILÂNDIA DE MINAS;2431,5;FUNERAL ;1
2026-06-05;JANUÁRIA;2920,79;FUNERAL ;1
2026-06-05;MONTES CLAROS;1621,0;FUNERAL ;1
2026-06-05;DIVINÓPOLIS;1621,0;FUNERAL ;1
2026-06-05;UBERLÂNDIA;1605,0;FUNERAL ;1
2026-06-05;PIUMHI;1621,88;FUNERAL ;1
2026-06-05;CATAGUASES;1302,0;FUNERAL ;1
2026-06-05;COROMANDEL;1824,04;FUNERAL ;1
2026-06-05;ARAXÁ;1621,0;FUNERAL ;1
2026-06-05;ARAÚJOS;1746,61;FUNERAL ;1
2026-06-05;ERVÁLIA;1621,0;FUNERAL ;1
2026-06-05;NOVO CRUZEIRO;1500,0;FUNERAL ;1
2026-06-06;SÃO SEBASTIÃO DO PARAÍSO;1215,75;NATALIDADE;1
2026-06-07;SÃO SEBASTIÃO DO PARAÍSO;1823,63;NATALIDADE;1
2026-06-08;JANUÁRIA;1215,75;NATALIDADE;1
2026-06-09;MANHUAÇU;1215,75;NATALIDADE;1
2026-06-10;FORMIGA;1215,75;NATALIDADE;1
2026-06-11;MANHUAÇU;1215,75;NATALIDADE;1
2026-06-12;PONTE NOVA;1215,75;NATALIDADE;1
2026-06-13;MONTES CLAROS;1215,75;NATALIDADE;1
2026-07-06;ARCOS;1621,0;FUNERAL ;1
2026-07-06;CORONEL FABRICIANO;2920,79;FUNERAL ;1
2026-07-06;BELO HORIZONTE;2920,79;FUNERAL ;1
2026-07-06;GOVERNADOR VALADARES;2028,17;FUNERAL ;1
2026-07-06;MONTES CLAROS;2852,96;FUNERAL ;1
2026-07-06;BELO HORIZONTE;1982,45;FUNERAL ;1
2026-07-06;CORONEL FABRICIANO;1982,45;FUNERAL ;1
2026-07-06;GUIDOVAL;1621,0;FUNERAL ;1
2026-07-06;ITAMBACURI;1621,0;FUNERAL ;1
2026-07-06;SANTA LUZIA;1703,99;FUNERAL ;1
2026-07-06;UBERLÂNDIA;2957,59;FUNERAL ;1
2026-07-06;DIVERSOS MUNICÍPIOS - ESTADUAL;1621,0;FUNERAL ;1
2026-07-06;CAPIM BRANCO;1621,0;FUNERAL ;1
2026-07-06;PARACATU;2852,96;FUNERAL ;1
2026-07-06;BELO HORIZONTE;1927,91;FUNERAL ;1
2026-07-06;CORONEL MURTA;1508,0;FUNERAL ;1
2026-07-06;MONTES CLAROS;1621,0;FUNERAL ;1
2026-07-06;SÃO GOTARDO;1276,8;FUNERAL ;1
2026-07-06;MONTES CLAROS;2305,36;FUNERAL ;1
2026-07-06;UBERABA;1840,93;FUNERAL ;1
2026-07-06;DIAMANTINA;960,0;FUNERAL ;1
2026-07-06;BELO HORIZONTE;1621,0;FUNERAL ;1
2026-07-06;CORONEL FABRICIANO;1982,45;FUNERAL ;1
2026-07-06;SÃO PEDRO DOS FERROS;2066,79;FUNERAL ;1
2026-07-06;ITANHOMI;2245,91;FUNERAL ;1
2026-07-06;MANHUAÇU;1518,0;FUNERAL ;1
2026-07-06;DIAMANTINA;1700,0;FUNERAL ;1
2026-07-06;IPATINGA;1886,94;FUNERAL ;1
2026-07-06;UBÁ;1632,62;FUNERAL ;1
2026-07-06;BELO HORIZONTE;619,42;FUNERAL ;1
2026-07-06;MURIAÉ;1621,0;FUNERAL ;1
2026-07-06;DIVERSOS MUNICÍPIOS - ESTADUAL;2920,79;FUNERAL ;1
2026-07-06;SÃO JOÃO DEL REI;1705,02;FUNERAL ;1
2026-07-06;PAPAGAIOS;1886,94;FUNERAL ;1
2026-07-06;PEQUI;2032,02;FUNERAL ;1
2026-07-06;MONTES CLAROS;1621,0;FUNERAL ;1
2026-07-06;BELO HORIZONTE;1621,0;FUNERAL ;1
2026-07-06;SABARÁ;1840,93;FUNERAL ;1
2026-07-06;PATOS DE MINAS;2722,67;FUNERAL ;1
2026-07-06;PARÁ DE MINAS;1215,75;NATALIDADE;1
2026-07-06;MONTES CLAROS;1215,75;NATALIDADE;1
2026-07-06;SÃO JOÃO DEL REI;1215,75;NATALIDADE;1
2026-07-06;TEÓFILO OTONI;1215,75;NATALIDADE;1
2026-07-06;BELO HORIZONTE;1215,75;NATALIDADE;1
